,State_name,x,y
0,Andhra Pradesh,-74.0, -146.0
1,Arunachal Pradesh,200.0, 150.0
2,Assam,193.0, 115.0
3,Bihar,67.0, 94.0
4,Chhattisgarh,-15.0, -6.0
5,Goa,-175.0, -138.0
6,Gujarat,-226.0, 34.0
7,Haryana,-131.0, 160.0
8,Himachal Pradesh,-120.0, 225.0
9,Jharkhand,30.0, 40.0
10,Karnataka,-160.0, -161.0
11,Kerala,-140.0, -248.0
12,Madhya Pradesh,-92.0, 35.0
13,Maharashtra,-156.0, -46.0
14,Manipur,229.0, 80.0
15,Meghalaya,160.0, 85.0
16,Mizoram,213.0, 38.0
17,Nagaland,242.0, 110.0
18,Odisha,47.0, -17.0
19,Punjab,-146.0, 206.0
20,Rajasthan,-184.0, 120.0
21,Sikkim,117.0, 130.0
22,Tamil Nadu,-90.0, -239.0
23,Telangana,-80.0, -86.0
24,Tripura,182.0, 55.0
25,Uttar Pradesh,-66.0, 123.0
26,Uttarakhand,-90.0, 197.0
27,West Bengal,93.0, 45.0
